feedback_id,order_id,product_id,product_title,category,rating,created_at
FB-5001,ORD-100001,1004,Kebaya Modern,Fashion,5,2025-12-28T13:43:01.278412
FB-5002,ORD-100002,1018,Kemeja Flannel,Fashion,4,2025-12-28T10:32:01.278412
FB-5003,ORD-100003,1020,Daster Kombinasi,Fashion,5,2025-12-28T17:14:01.278412
FB-5004,ORD-100007,1015,Celana Kulot,Fashion,5,2025-12-28T15:53:01.278412
FB-5005,ORD-100008,1020,Daster Kombinasi,Fashion,4,2025-12-28T13:42:01.278412
FB-5006,ORD-100010,1009,Kemeja Slimfit,Fashion,4,2025-12-28T13:42:01.278412
FB-5007,ORD-100011,1009,Kemeja Slimfit,Fashion,5,2025-12-28T11:34:01.278412
FB-5008,ORD-100018,1002,Batik Tulis Solo,Fashion,5,2025-12-28T13:38:01.278412
FB-5009,ORD-100022,1009,Kemeja Slimfit,Fashion,4,2025-12-29T16:40:01.278412
FB-5010,ORD-100023,1017,Blouse Korea,Fashion,5,2025-12-30T18:49:01.278412
FB-5011,ORD-100027,1016,Kaos Distro,Fashion,4,2025-12-30T16:13:01.278412
FB-5012,ORD-100028,1018,Kemeja Flannel,Fashion,4,2025-12-30T17:42:01.278412
FB-5013,ORD-100029,1012,Rok Plisket,Fashion,5,2025-12-30T12:21:01.278412
FB-5014,ORD-100030,1019,Kemeja Kantor,Fashion,4,2025-12-31T08:03:01.278412
FB-5015,ORD-100031,1008,Seragam Kerja,Fashion,4,2025-12-31T15:17:01.278412
FB-5016,ORD-100032,1016,Kaos Distro,Fashion,4,2025-12-31T21:30:01.278412
FB-5017,ORD-100033,1016,Kaos Distro,Fashion,4,2026-01-01T12:27:01.278412
FB-5018,ORD-100036,1018,Kemeja Flannel,Fashion,4,2026-01-01T14:59:01.278412
FB-5019,ORD-100041,1018,Kemeja Flannel,Fashion,4,2026-01-02T13:03:01.278412
FB-5020,ORD-100042,1019,Kemeja Kantor,Fashion,4,2026-01-02T14:30:01.278412
FB-5021,ORD-100043,1017,Blouse Korea,Fashion,5,2026-01-02T11:54:01.278412
FB-5022,ORD-100044,1006,Celana Jeans,Fashion,4,2026-01-02T19:56:01.278412
FB-5023,ORD-100046,1019,Kemeja Kantor,Fashion,4,2026-01-02T13:15:01.278412
FB-5024,ORD-100051,1017,Blouse Korea,Fashion,4,2026-01-03T14:56:01.278412
FB-5025,ORD-100060,1020,Daster Kombinasi,Fashion,4,2026-01-04T14:51:01.278412
FB-5026,ORD-100061,1006,Celana Jeans,Fashion,4,2026-01-04T18:59:01.278412
FB-5027,ORD-100062,1014,Kebaya Brokat,Fashion,4,2026-01-04T19:50:01.278412
FB-5028,ORD-100063,1004,Kebaya Modern,Fashion,5,2026-01-04T16:58:01.278412
FB-5029,ORD-100064,1015,Celana Kulot,Fashion,4,2026-01-04T19:42:01.278412
FB-5030,ORD-100067,1009,Kemeja Slimfit,Fashion,4,2026-01-04T14:27:01.278412
FB-5031,ORD-100069,1019,Kemeja Kantor,Fashion,4,2026-01-04T15:51:01.278412
FB-5032,ORD-100070,1018,Kemeja Flannel,Fashion,5,2026-01-04T18:27:01.278412
FB-5033,ORD-100071,1003,Gamis Syari,Fashion,5,2026-01-04T17:07:01.278412
FB-5034,ORD-100072,1010,Hoodie Fashion,Fashion,4,2026-01-04T14:35:01.278412
FB-5035,ORD-100073,1005,Daster Katun,Fashion,5,2026-01-04T15:11:01.278412
FB-5036,ORD-100075,1020,Daster Kombinasi,Fashion,4,2026-01-05T15:30:01.278412
FB-5037,ORD-100077,1008,Seragam Kerja,Fashion,4,2026-01-05T13:15:01.278412
FB-5038,ORD-100081,1017,Blouse Korea,Fashion,4,2026-01-06T20:08:01.278412
FB-5039,ORD-100084,1015,Celana Kulot,Fashion,4,2026-01-06T16:15:01.278412
FB-5040,ORD-100085,1009,Kemeja Slimfit,Fashion,5,2026-01-06T17:04:01.278412
FB-5041,ORD-100086,1008,Seragam Kerja,Fashion,5,2026-01-07T16:14:01.278412
FB-5042,ORD-100089,1001,Kemeja Pria Premium,Fashion,5,2026-01-07T15:22:01.278412
FB-5043,ORD-100090,1010,Hoodie Fashion,Fashion,4,2026-01-07T21:47:01.278412
FB-5044,ORD-100093,1005,Daster Katun,Fashion,4,2026-01-08T20:42:01.278412
FB-5045,ORD-100094,1001,Kemeja Pria Premium,Fashion,4,2026-01-08T19:16:01.278412
FB-5046,ORD-100098,1007,Jas Blazer,Fashion,4,2026-01-08T14:07:01.278412
FB-5047,ORD-100104,1002,Batik Tulis Solo,Fashion,5,2026-01-09T15:21:01.278412
FB-5048,ORD-100107,1018,Kemeja Flannel,Fashion,5,2026-01-10T19:20:01.278412
FB-5049,ORD-100108,1008,Seragam Kerja,Fashion,5,2026-01-10T20:29:01.278412
FB-5050,ORD-100111,1009,Kemeja Slimfit,Fashion,4,2026-01-10T13:26:01.278412
FB-5051,ORD-100112,1016,Kaos Distro,Fashion,4,2026-01-10T16:28:01.278412
FB-5052,ORD-100113,1001,Kemeja Pria Premium,Fashion,5,2026-01-10T17:37:01.278412
FB-5053,ORD-100118,1007,Jas Blazer,Fashion,4,2026-01-10T14:08:01.278412
FB-5054,ORD-100120,1016,Kaos Distro,Fashion,4,2026-01-10T14:21:01.278412
FB-5055,ORD-100121,1006,Celana Jeans,Fashion,5,2026-01-10T19:04:01.278412
FB-5056,ORD-100123,1019,Kemeja Kantor,Fashion,5,2026-01-10T14:26:01.278412
FB-5057,ORD-100126,1004,Kebaya Modern,Fashion,4,2026-01-11T13:10:01.278412
FB-5058,ORD-100131,1005,Daster Katun,Fashion,4,2026-01-11T14:36:01.278412
FB-5059,ORD-100136,1002,Batik Tulis Solo,Fashion,5,2026-01-11T16:17:01.278412
FB-5060,ORD-100138,1012,Rok Plisket,Fashion,5,2026-01-11T12:26:01.278412
FB-5061,ORD-100139,1016,Kaos Distro,Fashion,4,2026-01-11T19:29:01.278412
FB-5062,ORD-100141,1018,Kemeja Flannel,Fashion,4,2026-01-12T16:31:01.278412
FB-5063,ORD-100146,1017,Blouse Korea,Fashion,4,2026-01-13T16:29:01.278412
FB-5064,ORD-100147,1018,Kemeja Flannel,Fashion,4,2026-01-13T17:08:01.278412
FB-5065,ORD-100149,1009,Kemeja Slimfit,Fashion,5,2026-01-13T14:42:01.278412
FB-5066,ORD-100150,1016,Kaos Distro,Fashion,5,2026-01-13T16:48:01.278412
FB-5067,ORD-100151,1015,Celana Kulot,Fashion,5,2026-01-14T22:24:01.278412
FB-5068,ORD-100152,1008,Seragam Kerja,Fashion,5,2026-01-14T14:58:01.278412
FB-5069,ORD-100154,1002,Batik Tulis Solo,Fashion,5,2026-01-14T15:54:01.278412
FB-5070,ORD-100157,1003,Gamis Syari,Fashion,5,2026-01-14T19:20:01.278412
FB-5071,ORD-100158,1016,Kaos Distro,Fashion,4,2026-01-14T11:58:01.278412
FB-5072,ORD-100159,1010,Hoodie Fashion,Fashion,5,2026-01-14T15:40:01.278412
FB-5073,ORD-100160,1015,Celana Kulot,Fashion,5,2026-01-15T10:03:01.278412
FB-5074,ORD-100163,1016,Kaos Distro,Fashion,5,2026-01-15T16:16:01.278412
FB-5075,ORD-100164,1015,Celana Kulot,Fashion,4,2026-01-16T13:22:01.278412
FB-5076,ORD-100166,1007,Jas Blazer,Fashion,5,2026-01-16T12:22:01.278412
FB-5077,ORD-100169,1016,Kaos Distro,Fashion,4,2026-01-17T18:51:01.278412
FB-5078,ORD-100177,1018,Kemeja Flannel,Fashion,4,2026-01-17T08:29:01.278412
FB-5079,ORD-100182,1004,Kebaya Modern,Fashion,5,2026-01-17T15:47:01.278412
FB-5080,ORD-100183,1018,Kemeja Flannel,Fashion,4,2026-01-17T13:06:01.278412
FB-5081,ORD-100184,1020,Daster Kombinasi,Fashion,4,2026-01-18T10:28:01.278412
FB-5082,ORD-100185,1015,Celana Kulot,Fashion,5,2026-01-18T12:34:01.278412
FB-5083,ORD-100188,1011,Gamis Anak,Fashion,5,2026-01-18T16:48:01.278412
FB-5084,ORD-100189,1018,Kemeja Flannel,Fashion,4,2026-01-18T19:09:01.278412
FB-5085,ORD-100190,1020,Daster Kombinasi,Fashion,4,2026-01-18T13:16:01.278412
FB-5086,ORD-100192,1008,Seragam Kerja,Fashion,4,2026-01-18T14:26:01.278412
FB-5087,ORD-100193,1017,Blouse Korea,Fashion,5,2026-01-18T15:37:01.278412
FB-5088,ORD-100197,1003,Gamis Syari,Fashion,5,2026-01-18T12:37:01.278412
FB-5089,ORD-100198,1018,Kemeja Flannel,Fashion,4,2026-01-18T17:32:01.278412
FB-5090,ORD-100201,1014,Kebaya Brokat,Fashion,5,2026-01-19T14:09:01.278412
FB-5091,ORD-100202,1016,Kaos Distro,Fashion,4,2026-01-19T12:47:01.278412
FB-5092,ORD-100203,1012,Rok Plisket,Fashion,5,2026-01-19T16:21:01.278412
FB-5093,ORD-100204,1004,Kebaya Modern,Fashion,4,2026-01-19T21:58:01.278412
FB-5094,ORD-100205,1002,Batik Tulis Solo,Fashion,5,2026-01-19T15:13:01.278412
FB-5095,ORD-100210,1013,Tunik Batik,Fashion,4,2026-01-20T21:33:01.278412
FB-5096,ORD-100213,1003,Gamis Syari,Fashion,4,2026-01-21T16:17:01.278412
FB-5097,ORD-100214,1007,Jas Blazer,Fashion,5,2026-01-21T15:43:01.278412
FB-5098,ORD-100216,1002,Batik Tulis Solo,Fashion,5,2026-01-21T13:16:01.278412
FB-5099,ORD-100217,1011,Gamis Anak,Fashion,5,2026-01-22T15:34:01.278412
FB-5100,ORD-100218,1008,Seragam Kerja,Fashion,4,2026-01-22T19:55:01.278412
FB-5101,ORD-100220,1019,Kemeja Kantor,Fashion,4,2026-01-22T14:20:01.278412
FB-5102,ORD-100222,1014,Kebaya Brokat,Fashion,5,2026-01-22T16:25:01.278412
FB-5103,ORD-100223,1010,Hoodie Fashion,Fashion,4,2026-01-22T18:40:01.278412
FB-5104,ORD-100224,1017,Blouse Korea,Fashion,4,2026-01-23T15:52:01.278412
FB-5105,ORD-100225,1005,Daster Katun,Fashion,4,2026-01-23T13:48:01.278412
FB-5106,ORD-100232,1002,Batik Tulis Solo,Fashion,5,2026-01-24T17:30:01.278412
FB-5107,ORD-100234,1003,Gamis Syari,Fashion,5,2026-01-24T14:28:01.278412
FB-5108,ORD-100238,1020,Daster Kombinasi,Fashion,4,2026-01-24T16:22:01.278412
FB-5109,ORD-100240,1010,Hoodie Fashion,Fashion,4,2026-01-24T14:44:01.278412
FB-5110,ORD-100241,1017,Blouse Korea,Fashion,4,2026-01-25T16:19:01.278412
FB-5111,ORD-100242,1006,Celana Jeans,Fashion,4,2026-01-25T18:08:01.278412
FB-5112,ORD-100244,1017,Blouse Korea,Fashion,4,2026-01-25T18:24:01.278412
FB-5113,ORD-100247,1010,Hoodie Fashion,Fashion,4,2026-01-25T14:51:01.278412
FB-5114,ORD-100250,1007,Jas Blazer,Fashion,5,2026-01-25T14:55:01.278412
FB-5115,ORD-100256,1005,Daster Katun,Fashion,4,2026-01-25T19:08:01.278412
FB-5116,ORD-100257,1016,Kaos Distro,Fashion,4,2026-01-25T11:53:01.278412
FB-5117,ORD-100258,1005,Daster Katun,Fashion,4,2026-01-25T16:18:01.278412
FB-5118,ORD-100261,1008,Seragam Kerja,Fashion,4,2026-01-26T08:36:01.278412
FB-5119,ORD-100262,1014,Kebaya Brokat,Fashion,5,2026-01-26T16:33:01.278412
FB-5120,ORD-100264,1002,Batik Tulis Solo,Fashion,5,2026-01-26T14:50:01.278412
FB-5121,ORD-100265,1012,Rok Plisket,Fashion,5,2026-01-27T12:48:01.278412
FB-5122,ORD-100266,1011,Gamis Anak,Fashion,4,2026-01-27T15:53:01.278412
FB-5123,ORD-100267,1015,Celana Kulot,Fashion,5,2026-01-27T13:45:01.278412
FB-5124,ORD-100274,1006,Celana Jeans,Fashion,4,2026-01-28T11:19:01.278412
FB-5125,ORD-100275,1015,Celana Kulot,Fashion,5,2026-01-28T17:02:01.278412
FB-5126,ORD-100278,1020,Daster Kombinasi,Fashion,5,2026-01-29T12:41:01.278412
FB-5127,ORD-100280,1012,Rok Plisket,Fashion,4,2026-01-29T16:25:01.278412
FB-5128,ORD-100281,1011,Gamis Anak,Fashion,4,2026-01-29T12:31:01.278412
FB-5129,ORD-100282,1017,Blouse Korea,Fashion,5,2026-01-29T14:28:01.278412
FB-5130,ORD-100283,1007,Jas Blazer,Fashion,5,2026-01-29T20:07:01.278412
FB-5131,ORD-100288,1012,Rok Plisket,Fashion,4,2026-01-30T18:39:01.278412
FB-5132,ORD-100289,1003,Gamis Syari,Fashion,5,2026-01-31T17:49:01.278412
FB-5133,ORD-100294,1012,Rok Plisket,Fashion,4,2026-01-31T14:12:01.278412
FB-5134,ORD-100296,1006,Celana Jeans,Fashion,5,2026-01-31T13:57:01.278412
FB-5135,ORD-100299,1016,Kaos Distro,Fashion,4,2026-02-01T17:15:01.278412
FB-5136,ORD-100301,1015,Celana Kulot,Fashion,5,2026-02-01T14:46:01.278412
FB-5137,ORD-100302,1012,Rok Plisket,Fashion,4,2026-02-01T15:20:01.278412
FB-5138,ORD-100303,1008,Seragam Kerja,Fashion,4,2026-02-01T14:18:01.278412
FB-5139,ORD-100305,1011,Gamis Anak,Fashion,5,2026-02-01T13:32:01.278412
FB-5140,ORD-100306,1016,Kaos Distro,Fashion,4,2026-02-02T12:29:01.278412
FB-5141,ORD-100307,1008,Seragam Kerja,Fashion,4,2026-02-02T11:56:01.278412
FB-5142,ORD-100308,1016,Kaos Distro,Fashion,5,2026-02-02T12:16:01.278412
FB-5143,ORD-100309,1012,Rok Plisket,Fashion,4,2026-02-02T15:12:01.278412
FB-5144,ORD-100312,1011,Gamis Anak,Fashion,5,2026-02-02T13:25:01.278412
FB-5145,ORD-100315,1006,Celana Jeans,Fashion,4,2026-02-02T19:32:01.278412
FB-5146,ORD-100316,1019,Kemeja Kantor,Fashion,5,2026-02-03T15:26:01.278412
FB-5147,ORD-100317,1019,Kemeja Kantor,Fashion,4,2026-02-03T19:38:01.278412
FB-5148,ORD-100318,1016,Kaos Distro,Fashion,4,2026-02-03T22:14:01.278412
FB-5149,ORD-100321,1007,Jas Blazer,Fashion,5,2026-02-03T13:26:01.278412
FB-5150,ORD-100322,1017,Blouse Korea,Fashion,5,2026-02-03T19:03:01.278412
FB-5151,ORD-100324,1011,Gamis Anak,Fashion,5,2026-02-03T16:43:01.278412
FB-5152,ORD-100326,1010,Hoodie Fashion,Fashion,4,2026-02-04T16:35:01.278412
FB-5153,ORD-100328,1012,Rok Plisket,Fashion,4,2026-02-04T14:45:01.278412
FB-5154,ORD-100329,1003,Gamis Syari,Fashion,5,2026-02-04T14:12:01.278412
FB-5155,ORD-100330,1018,Kemeja Flannel,Fashion,4,2026-02-04T14:47:01.278412
FB-5156,ORD-100331,1019,Kemeja Kantor,Fashion,4,2026-02-04T20:14:01.278412
FB-5157,ORD-100332,1002,Batik Tulis Solo,Fashion,5,2026-02-04T16:08:01.278412
FB-5158,ORD-100338,1001,Kemeja Pria Premium,Fashion,5,2026-02-06T20:29:01.278412
FB-5159,ORD-100339,1018,Kemeja Flannel,Fashion,4,2026-02-06T12:17:01.278412
FB-5160,ORD-100342,1020,Daster Kombinasi,Fashion,5,2026-02-07T19:05:01.278412
FB-5161,ORD-100347,1010,Hoodie Fashion,Fashion,4,2026-02-07T21:14:01.278412
FB-5162,ORD-100351,1017,Blouse Korea,Fashion,5,2026-02-08T16:35:01.278412
FB-5163,ORD-100359,1013,Tunik Batik,Fashion,5,2026-02-08T20:55:01.278412
FB-5164,ORD-100362,1018,Kemeja Flannel,Fashion,4,2026-02-08T16:12:01.278412
FB-5165,ORD-100364,1001,Kemeja Pria Premium,Fashion,5,2026-02-08T16:43:01.278412
FB-5166,ORD-100366,1005,Daster Katun,Fashion,4,2026-02-09T19:20:01.278412
FB-5167,ORD-100370,1017,Blouse Korea,Fashion,5,2026-02-10T13:48:01.278412
FB-5168,ORD-100371,1018,Kemeja Flannel,Fashion,5,2026-02-10T14:51:01.278412
FB-5169,ORD-100374,1003,Gamis Syari,Fashion,5,2026-02-11T11:38:01.278412
FB-5170,ORD-100375,1020,Daster Kombinasi,Fashion,4,2026-02-11T19:42:01.278412
FB-5171,ORD-100376,1018,Kemeja Flannel,Fashion,4,2026-02-11T20:58:01.278412
FB-5172,ORD-100381,1016,Kaos Distro,Fashion,4,2026-02-11T13:02:01.278412
FB-5173,ORD-100385,1015,Celana Kulot,Fashion,5,2026-02-12T13:31:01.278412
FB-5174,ORD-100388,1003,Gamis Syari,Fashion,5,2026-02-13T16:39:01.278412
FB-5175,ORD-100389,1020,Daster Kombinasi,Fashion,4,2026-02-13T09:26:01.278412
FB-5176,ORD-100390,1001,Kemeja Pria Premium,Fashion,5,2026-02-13T16:32:01.278412
FB-5177,ORD-100391,1014,Kebaya Brokat,Fashion,5,2026-02-13T12:09:01.278412
FB-5178,ORD-100395,1013,Tunik Batik,Fashion,5,2026-02-14T08:31:01.278412
FB-5179,ORD-100397,1017,Blouse Korea,Fashion,4,2026-02-14T20:36:01.278412
FB-5180,ORD-100399,1019,Kemeja Kantor,Fashion,5,2026-02-14T19:13:01.278412
FB-5181,ORD-100401,1006,Celana Jeans,Fashion,5,2026-02-14T19:34:01.278412
FB-5182,ORD-100402,1011,Gamis Anak,Fashion,4,2026-02-14T18:05:01.278412
FB-5183,ORD-100403,1017,Blouse Korea,Fashion,4,2026-02-14T12:04:01.278412
FB-5184,ORD-100405,1001,Kemeja Pria Premium,Fashion,5,2026-02-14T15:35:01.278412
FB-5185,ORD-100408,1005,Daster Katun,Fashion,4,2026-02-15T12:19:01.278412
FB-5186,ORD-100409,1015,Celana Kulot,Fashion,5,2026-02-15T12:28:01.278412
FB-5187,ORD-100411,1020,Daster Kombinasi,Fashion,5,2026-02-15T15:24:01.278412
FB-5188,ORD-100412,1003,Gamis Syari,Fashion,5,2026-02-15T22:33:01.278412
FB-5189,ORD-100413,1006,Celana Jeans,Fashion,4,2026-02-15T14:09:01.278412
FB-5190,ORD-100419,1013,Tunik Batik,Fashion,4,2026-02-15T17:36:01.278412
FB-5191,ORD-100420,1011,Gamis Anak,Fashion,4,2026-02-16T15:36:01.278412
FB-5192,ORD-100421,1007,Jas Blazer,Fashion,5,2026-02-16T17:46:01.278412
FB-5193,ORD-100423,1014,Kebaya Brokat,Fashion,5,2026-02-16T14:09:01.278412
FB-5194,ORD-100425,1018,Kemeja Flannel,Fashion,4,2026-02-16T17:50:01.278412
FB-5195,ORD-100427,1012,Rok Plisket,Fashion,5,2026-02-17T16:41:01.278412
FB-5196,ORD-100429,1009,Kemeja Slimfit,Fashion,5,2026-02-17T16:14:01.278412
FB-5197,ORD-100430,1015,Celana Kulot,Fashion,4,2026-02-17T17:09:01.278412
FB-5198,ORD-100432,1004,Kebaya Modern,Fashion,5,2026-02-17T15:50:01.278412
FB-5199,ORD-100433,1007,Jas Blazer,Fashion,5,2026-02-17T12:28:01.278412
FB-5200,ORD-100435,1004,Kebaya Modern,Fashion,4,2026-02-18T22:11:01.278412
FB-5201,ORD-100438,1007,Jas Blazer,Fashion,5,2026-02-18T08:17:01.278412
FB-5202,ORD-100441,1020,Daster Kombinasi,Fashion,5,2026-02-18T12:29:01.278412
FB-5203,ORD-100443,1010,Hoodie Fashion,Fashion,5,2026-02-19T13:38:01.278412
FB-5204,ORD-100445,1006,Celana Jeans,Fashion,5,2026-02-19T13:28:01.278412
FB-5205,ORD-100447,1018,Kemeja Flannel,Fashion,4,2026-02-20T17:53:01.278412
FB-5206,ORD-100452,1014,Kebaya Brokat,Fashion,4,2026-02-20T18:02:01.278412
FB-5207,ORD-100455,1014,Kebaya Brokat,Fashion,5,2026-02-20T13:03:01.278412
FB-5208,ORD-100461,1003,Gamis Syari,Fashion,5,2026-02-21T12:17:01.278412
FB-5209,ORD-100463,1003,Gamis Syari,Fashion,5,2026-02-21T17:04:01.278412
FB-5210,ORD-100464,1018,Kemeja Flannel,Fashion,5,2026-02-21T19:20:01.278412
FB-5211,ORD-100465,1010,Hoodie Fashion,Fashion,4,2026-02-21T16:21:01.278412
FB-5212,ORD-100466,1002,Batik Tulis Solo,Fashion,5,2026-02-21T19:59:01.278412
FB-5213,ORD-100467,1006,Celana Jeans,Fashion,5,2026-02-21T21:44:01.278412
FB-5214,ORD-100469,1012,Rok Plisket,Fashion,5,2026-02-21T20:25:01.278412
FB-5215,ORD-100470,1010,Hoodie Fashion,Fashion,4,2026-02-21T15:06:01.278412
FB-5216,ORD-100471,1001,Kemeja Pria Premium,Fashion,5,2026-02-21T16:28:01.278412
FB-5217,ORD-100473,1016,Kaos Distro,Fashion,4,2026-02-22T18:20:01.278412
FB-5218,ORD-100476,1007,Jas Blazer,Fashion,5,2026-02-22T15:55:01.278412
FB-5219,ORD-100477,1007,Jas Blazer,Fashion,5,2026-02-22T18:24:01.278412
FB-5220,ORD-100478,1012,Rok Plisket,Fashion,5,2026-02-22T12:05:01.278412
FB-5221,ORD-100480,1001,Kemeja Pria Premium,Fashion,5,2026-02-22T14:32:01.278412
FB-5222,ORD-100482,1016,Kaos Distro,Fashion,4,2026-02-22T17:56:01.278412
FB-5223,ORD-100483,1012,Rok Plisket,Fashion,5,2026-02-23T19:23:01.278412
FB-5224,ORD-100485,1019,Kemeja Kantor,Fashion,4,2026-02-23T10:50:01.278412
FB-5225,ORD-100491,1006,Celana Jeans,Fashion,4,2026-02-24T17:22:01.278412
FB-5226,ORD-100493,1009,Kemeja Slimfit,Fashion,5,2026-02-24T20:27:01.278412
FB-5227,ORD-100495,1017,Blouse Korea,Fashion,5,2026-02-25T16:16:01.278412
FB-5228,ORD-100496,1004,Kebaya Modern,Fashion,4,2026-02-25T12:00:01.278412
FB-5229,ORD-100497,1002,Batik Tulis Solo,Fashion,5,2026-02-25T10:58:01.278412
FB-5230,ORD-100499,1014,Kebaya Brokat,Fashion,5,2026-02-25T20:52:01.278412
FB-5231,ORD-100501,1017,Blouse Korea,Fashion,4,2026-02-25T11:18:01.278412
FB-5232,ORD-100502,1010,Hoodie Fashion,Fashion,4,2026-02-25T08:36:01.278412
FB-5233,ORD-100504,1007,Jas Blazer,Fashion,5,2026-02-25T18:59:01.278412
FB-5234,ORD-100506,1001,Kemeja Pria Premium,Fashion,5,2026-02-26T18:13:01.278412
FB-5235,ORD-100508,1009,Kemeja Slimfit,Fashion,5,2026-02-26T20:44:01.278412
FB-5236,ORD-100509,1012,Rok Plisket,Fashion,5,2026-02-26T16:40:01.278412
FB-5237,ORD-100511,1010,Hoodie Fashion,Fashion,4,2026-02-26T18:47:01.278412
FB-5238,ORD-100516,1005,Daster Katun,Fashion,4,2026-02-27T15:43:01.278412
FB-5239,ORD-100519,1004,Kebaya Modern,Fashion,4,2026-02-27T22:52:01.278412
FB-5240,ORD-100520,1013,Tunik Batik,Fashion,5,2026-02-27T17:16:01.278412
FB-5241,ORD-100521,1003,Gamis Syari,Fashion,5,2026-02-27T20:08:01.278412
FB-5242,ORD-100523,1013,Tunik Batik,Fashion,4,2026-02-28T15:58:01.278412
FB-5243,ORD-100533,1006,Celana Jeans,Fashion,5,2026-03-01T19:58:01.278412
FB-5244,ORD-100534,1019,Kemeja Kantor,Fashion,5,2026-03-01T21:36:01.278412
FB-5245,ORD-100535,1007,Jas Blazer,Fashion,4,2026-03-01T21:11:01.278412
FB-5246,ORD-100540,1019,Kemeja Kantor,Fashion,4,2026-03-01T12:27:01.278412
FB-5247,ORD-100541,1016,Kaos Distro,Fashion,4,2026-03-01T21:59:01.278412
FB-5248,ORD-100543,1005,Daster Katun,Fashion,4,2026-03-02T17:54:01.278412
FB-5249,ORD-100545,1019,Kemeja Kantor,Fashion,5,2026-03-02T15:22:01.278412
FB-5250,ORD-100546,1011,Gamis Anak,Fashion,5,2026-03-02T12:40:01.278412
FB-5251,ORD-100548,1004,Kebaya Modern,Fashion,4,2026-03-02T15:10:01.278412
FB-5252,ORD-100549,1014,Kebaya Brokat,Fashion,5,2026-03-02T16:30:01.278412
FB-5253,ORD-100550,1006,Celana Jeans,Fashion,5,2026-03-03T10:16:01.278412
FB-5254,ORD-100554,1014,Kebaya Brokat,Fashion,5,2026-03-03T18:18:01.278412
FB-5255,ORD-100559,1006,Celana Jeans,Fashion,4,2026-03-05T13:28:01.278412
FB-5256,ORD-100560,1015,Celana Kulot,Fashion,4,2026-03-05T16:44:01.278412
FB-5257,ORD-100562,1008,Seragam Kerja,Fashion,5,2026-03-05T19:34:01.278412
FB-5258,ORD-100563,1016,Kaos Distro,Fashion,4,2026-03-05T14:54:01.278412
FB-5259,ORD-100564,1002,Batik Tulis Solo,Fashion,5,2026-03-05T18:39:01.278412
FB-5260,ORD-100566,1007,Jas Blazer,Fashion,5,2026-03-05T22:52:01.278412
FB-5261,ORD-100568,1013,Tunik Batik,Fashion,4,2026-03-06T19:58:01.278412
FB-5262,ORD-100571,1004,Kebaya Modern,Fashion,5,2026-03-06T14:22:01.278412
FB-5263,ORD-100574,1011,Gamis Anak,Fashion,4,2026-03-07T16:23:01.278412
FB-5264,ORD-100576,1004,Kebaya Modern,Fashion,4,2026-03-07T14:49:01.278412
FB-5265,ORD-100577,1011,Gamis Anak,Fashion,4,2026-03-07T17:13:01.278412
FB-5266,ORD-100581,1002,Batik Tulis Solo,Fashion,4,2026-03-07T17:52:01.278412
FB-5267,ORD-100583,1016,Kaos Distro,Fashion,5,2026-03-07T19:22:01.278412
FB-5268,ORD-100584,1012,Rok Plisket,Fashion,4,2026-03-07T18:18:01.278412
FB-5269,ORD-100586,1008,Seragam Kerja,Fashion,4,2026-03-08T15:49:01.278412
FB-5270,ORD-100588,1009,Kemeja Slimfit,Fashion,5,2026-03-08T17:17:01.278412
FB-5271,ORD-100590,1017,Blouse Korea,Fashion,5,2026-03-08T12:42:01.278412
FB-5272,ORD-100593,1010,Hoodie Fashion,Fashion,4,2026-03-08T14:54:01.278412
FB-5273,ORD-100594,1020,Daster Kombinasi,Fashion,5,2026-03-08T13:31:01.278412
FB-5274,ORD-100596,1019,Kemeja Kantor,Fashion,4,2026-03-08T17:40:01.278412
FB-5275,ORD-100600,1010,Hoodie Fashion,Fashion,4,2026-03-09T15:29:01.278412
FB-5276,ORD-100602,1016,Kaos Distro,Fashion,4,2026-03-09T19:19:01.278412
FB-5277,ORD-100603,1014,Kebaya Brokat,Fashion,5,2026-03-09T12:26:01.278412
FB-5278,ORD-100608,1001,Kemeja Pria Premium,Fashion,5,2026-03-10T15:20:01.278412
FB-5279,ORD-100610,1012,Rok Plisket,Fashion,5,2026-03-10T16:04:01.278412
FB-5280,ORD-100613,1013,Tunik Batik,Fashion,4,2026-03-11T22:01:01.278412
FB-5281,ORD-100615,1018,Kemeja Flannel,Fashion,4,2026-03-12T10:53:01.278412
FB-5282,ORD-100616,1001,Kemeja Pria Premium,Fashion,5,2026-03-12T15:16:01.278412
FB-5283,ORD-100617,1016,Kaos Distro,Fashion,5,2026-03-12T17:26:01.278412
FB-5284,ORD-100618,1004,Kebaya Modern,Fashion,4,2026-03-12T17:53:01.278412
FB-5285,ORD-100619,1017,Blouse Korea,Fashion,5,2026-03-13T12:12:01.278412
FB-5286,ORD-100620,1020,Daster Kombinasi,Fashion,4,2026-03-13T16:45:01.278412
FB-5287,ORD-100621,1014,Kebaya Brokat,Fashion,5,2026-03-13T16:59:01.278412
FB-5288,ORD-100623,1016,Kaos Distro,Fashion,4,2026-03-14T16:06:01.278412
FB-5289,ORD-100624,1009,Kemeja Slimfit,Fashion,5,2026-03-14T22:03:01.278412
FB-5290,ORD-100625,1004,Kebaya Modern,Fashion,4,2026-03-14T19:43:01.278412
FB-5291,ORD-100628,1009,Kemeja Slimfit,Fashion,4,2026-03-14T19:25:01.278412
FB-5292,ORD-100631,1006,Celana Jeans,Fashion,4,2026-03-14T16:28:01.278412
FB-5293,ORD-100633,1005,Daster Katun,Fashion,4,2026-03-14T20:04:01.278412
FB-5294,ORD-100634,1009,Kemeja Slimfit,Fashion,5,2026-03-14T19:47:01.278412
FB-5295,ORD-100639,1016,Kaos Distro,Fashion,4,2026-03-14T16:17:01.278412
FB-5296,ORD-100641,1015,Celana Kulot,Fashion,4,2026-03-15T19:07:01.278412
FB-5297,ORD-100643,1001,Kemeja Pria Premium,Fashion,5,2026-03-15T21:56:01.278412
FB-5298,ORD-100644,1017,Blouse Korea,Fashion,5,2026-03-15T16:52:01.278412
FB-5299,ORD-100646,1016,Kaos Distro,Fashion,4,2026-03-15T15:42:01.278412
FB-5300,ORD-100652,1015,Celana Kulot,Fashion,5,2026-03-16T12:33:01.278412
FB-5301,ORD-100654,1006,Celana Jeans,Fashion,4,2026-03-16T19:42:01.278412
FB-5302,ORD-100655,1020,Daster Kombinasi,Fashion,4,2026-03-16T20:38:01.278412
FB-5303,ORD-100658,1011,Gamis Anak,Fashion,5,2026-03-17T17:39:01.278412
FB-5304,ORD-100661,1016,Kaos Distro,Fashion,4,2026-03-17T17:57:01.278412
FB-5305,ORD-100663,1002,Batik Tulis Solo,Fashion,5,2026-03-18T13:16:01.278412
FB-5306,ORD-100665,1012,Rok Plisket,Fashion,5,2026-03-18T19:55:01.278412
FB-5307,ORD-100667,1010,Hoodie Fashion,Fashion,5,2026-03-18T15:50:01.278412
FB-5308,ORD-100668,1011,Gamis Anak,Fashion,4,2026-03-18T18:55:01.278412
FB-5309,ORD-100671,1003,Gamis Syari,Fashion,5,2026-03-19T16:27:01.278412
FB-5310,ORD-100672,1009,Kemeja Slimfit,Fashion,4,2026-03-19T16:21:01.278412
FB-5311,ORD-100673,1015,Celana Kulot,Fashion,5,2026-03-19T13:03:01.278412
FB-5312,ORD-100678,1018,Kemeja Flannel,Fashion,5,2026-03-19T08:28:01.278412
FB-5313,ORD-100681,1012,Rok Plisket,Fashion,5,2026-03-20T16:41:01.278412
FB-5314,ORD-100683,1018,Kemeja Flannel,Fashion,5,2026-03-20T13:13:01.278412
FB-5315,ORD-100689,1002,Batik Tulis Solo,Fashion,5,2026-03-21T20:50:01.278412
FB-5316,ORD-100691,1001,Kemeja Pria Premium,Fashion,5,2026-03-21T12:51:01.278412
FB-5317,ORD-100694,1001,Kemeja Pria Premium,Fashion,5,2026-03-21T16:13:01.278412
FB-5318,ORD-100695,1012,Rok Plisket,Fashion,4,2026-03-21T19:11:01.278412
FB-5319,ORD-100696,1008,Seragam Kerja,Fashion,4,2026-03-21T12:36:01.278412
FB-5320,ORD-100697,1002,Batik Tulis Solo,Fashion,5,2026-03-21T22:35:01.278412
FB-5321,ORD-100698,1003,Gamis Syari,Fashion,5,2026-03-21T12:31:01.278412
FB-5322,ORD-100699,1012,Rok Plisket,Fashion,5,2026-03-22T12:57:01.278412
FB-5323,ORD-100700,1007,Jas Blazer,Fashion,4,2026-03-22T17:37:01.278412
FB-5324,ORD-100701,1005,Daster Katun,Fashion,5,2026-03-22T14:00:01.278412
FB-5325,ORD-100703,1012,Rok Plisket,Fashion,4,2026-03-22T20:22:01.278412
FB-5326,ORD-100704,1010,Hoodie Fashion,Fashion,4,2026-03-22T17:17:01.278412
FB-5327,ORD-100705,1005,Daster Katun,Fashion,5,2026-03-22T18:46:01.278412
FB-5328,ORD-100707,1013,Tunik Batik,Fashion,5,2026-03-22T10:57:01.278412
FB-5329,ORD-100708,1018,Kemeja Flannel,Fashion,4,2026-03-22T15:49:01.278412
FB-5330,ORD-100709,1019,Kemeja Kantor,Fashion,5,2026-03-22T16:25:01.278412
FB-5331,ORD-100712,1016,Kaos Distro,Fashion,4,2026-03-23T18:16:01.278412
FB-5332,ORD-100714,1016,Kaos Distro,Fashion,4,2026-03-23T10:06:01.278412
FB-5333,ORD-100719,1006,Celana Jeans,Fashion,4,2026-03-24T14:10:01.278412
FB-5334,ORD-100720,1012,Rok Plisket,Fashion,4,2026-03-24T17:21:01.278412
FB-5335,ORD-100721,1004,Kebaya Modern,Fashion,5,2026-03-24T13:53:01.278412
FB-5336,ORD-100722,1014,Kebaya Brokat,Fashion,5,2026-03-24T16:40:01.278412
FB-5337,ORD-100724,1020,Daster Kombinasi,Fashion,4,2026-03-25T20:52:01.278412
FB-5338,ORD-100725,1010,Hoodie Fashion,Fashion,4,2026-03-25T17:30:01.278412
FB-5339,ORD-100726,1006,Celana Jeans,Fashion,5,2026-03-25T13:49:01.278412
FB-5340,ORD-100727,1006,Celana Jeans,Fashion,4,2026-03-25T13:59:01.278412
FB-5341,ORD-100735,1005,Daster Katun,Fashion,4,2026-03-26T20:38:01.278412
FB-5342,ORD-100736,1009,Kemeja Slimfit,Fashion,5,2026-03-27T18:07:01.278412
FB-5343,ORD-100737,1017,Blouse Korea,Fashion,5,2026-03-27T17:23:01.278412
FB-5344,ORD-100740,1018,Kemeja Flannel,Fashion,4,2026-03-27T15:16:01.278412
FB-5345,ORD-100741,1010,Hoodie Fashion,Fashion,4,2026-03-27T15:55:01.278412
FB-5346,ORD-100743,1017,Blouse Korea,Fashion,5,2026-03-27T16:45:01.278412
FB-5347,ORD-100745,1020,Daster Kombinasi,Fashion,4,2026-03-28T13:02:01.278412
FB-5348,ORD-100746,1013,Tunik Batik,Fashion,4,2026-03-28T17:38:01.278412
FB-5349,ORD-100748,1017,Blouse Korea,Fashion,4,2026-03-28T17:14:01.278412
FB-5350,ORD-100750,1003,Gamis Syari,Fashion,5,2026-03-28T15:37:01.278412
FB-5351,ORD-100752,1018,Kemeja Flannel,Fashion,4,2026-03-28T21:38:01.278412
FB-5352,ORD-100753,1007,Jas Blazer,Fashion,5,2026-03-28T08:32:01.278412
FB-5353,ORD-100755,1009,Kemeja Slimfit,Fashion,5,2026-03-28T16:24:01.278412
FB-5354,ORD-100760,1003,Gamis Syari,Fashion,5,2026-03-29T14:36:01.278412
FB-5355,ORD-100761,1009,Kemeja Slimfit,Fashion,4,2026-03-29T21:47:01.278412
FB-5356,ORD-100763,1008,Seragam Kerja,Fashion,4,2026-03-29T18:05:01.278412
FB-5357,ORD-100768,1017,Blouse Korea,Fashion,4,2026-03-29T18:07:01.278412
FB-5358,ORD-100771,1009,Kemeja Slimfit,Fashion,4,2026-03-29T15:13:01.278412
FB-5359,ORD-100774,1014,Kebaya Brokat,Fashion,5,2026-03-30T18:30:01.278412
FB-5360,ORD-100776,1018,Kemeja Flannel,Fashion,4,2026-03-30T14:36:01.278412
FB-5361,ORD-100778,1015,Celana Kulot,Fashion,5,2026-03-31T15:51:01.278412
FB-5362,ORD-100782,1020,Daster Kombinasi,Fashion,5,2026-04-01T13:51:01.278412
FB-5363,ORD-100786,1017,Blouse Korea,Fashion,4,2026-04-01T13:46:01.278412
FB-5364,ORD-100790,1013,Tunik Batik,Fashion,5,2026-04-01T14:08:01.278412
FB-5365,ORD-100795,1003,Gamis Syari,Fashion,5,2026-04-02T14:00:01.278412
FB-5366,ORD-100796,1012,Rok Plisket,Fashion,4,2026-04-03T17:48:01.278412
FB-5367,ORD-100798,1001,Kemeja Pria Premium,Fashion,5,2026-04-03T20:15:01.278412
FB-5368,ORD-100802,1003,Gamis Syari,Fashion,5,2026-04-04T17:17:01.278412
FB-5369,ORD-100804,1006,Celana Jeans,Fashion,4,2026-04-04T12:00:01.278412
FB-5370,ORD-100805,1008,Seragam Kerja,Fashion,4,2026-04-04T13:50:01.278412
FB-5371,ORD-100806,1016,Kaos Distro,Fashion,4,2026-04-04T18:53:01.278412
FB-5372,ORD-100807,1005,Daster Katun,Fashion,4,2026-04-04T11:12:01.278412
FB-5373,ORD-100809,1013,Tunik Batik,Fashion,5,2026-04-04T18:29:01.278412
FB-5374,ORD-100810,1004,Kebaya Modern,Fashion,5,2026-04-04T16:19:01.278412
FB-5375,ORD-100811,1011,Gamis Anak,Fashion,5,2026-04-04T18:07:01.278412
FB-5376,ORD-100813,1007,Jas Blazer,Fashion,4,2026-04-04T15:50:01.278412
FB-5377,ORD-100819,1007,Jas Blazer,Fashion,5,2026-04-05T18:02:01.278412
FB-5378,ORD-100826,1020,Daster Kombinasi,Fashion,4,2026-04-05T14:42:01.278412
FB-5379,ORD-100827,1003,Gamis Syari,Fashion,5,2026-04-05T13:06:01.278412
FB-5380,ORD-100828,1016,Kaos Distro,Fashion,4,2026-04-05T17:31:01.278412
FB-5381,ORD-100829,1017,Blouse Korea,Fashion,4,2026-04-05T11:45:01.278412
FB-5382,ORD-100833,1002,Batik Tulis Solo,Fashion,5,2026-04-05T11:33:01.278412
FB-5383,ORD-100834,1004,Kebaya Modern,Fashion,4,2026-04-06T13:15:01.278412
FB-5384,ORD-100837,1006,Celana Jeans,Fashion,4,2026-04-06T17:38:01.278412
FB-5385,ORD-100839,1014,Kebaya Brokat,Fashion,4,2026-04-07T14:24:01.278412
FB-5386,ORD-100840,1018,Kemeja Flannel,Fashion,4,2026-04-07T21:25:01.278412
FB-5387,ORD-100841,1001,Kemeja Pria Premium,Fashion,5,2026-04-07T17:56:01.278412
FB-5388,ORD-100845,1008,Seragam Kerja,Fashion,5,2026-04-07T16:13:01.278412
FB-5389,ORD-100849,1014,Kebaya Brokat,Fashion,5,2026-04-08T18:54:01.278412
FB-5390,ORD-100853,1017,Blouse Korea,Fashion,4,2026-04-08T18:21:01.278412
FB-5391,ORD-100854,1003,Gamis Syari,Fashion,5,2026-04-08T16:25:01.278412
FB-5392,ORD-100855,1017,Blouse Korea,Fashion,5,2026-04-08T18:12:01.278412
FB-5393,ORD-100858,1004,Kebaya Modern,Fashion,4,2026-04-09T15:38:01.278412
FB-5394,ORD-100860,1015,Celana Kulot,Fashion,5,2026-04-09T20:43:01.278412
FB-5395,ORD-100862,1020,Daster Kombinasi,Fashion,5,2026-04-09T19:44:01.278412
FB-5396,ORD-100865,1001,Kemeja Pria Premium,Fashion,5,2026-04-10T16:03:01.278412
FB-5397,ORD-100866,1010,Hoodie Fashion,Fashion,4,2026-04-10T14:00:01.278412
FB-5398,ORD-100867,1013,Tunik Batik,Fashion,5,2026-04-11T20:06:01.278412
FB-5399,ORD-100870,1017,Blouse Korea,Fashion,4,2026-04-11T17:59:01.278412
FB-5400,ORD-100871,1017,Blouse Korea,Fashion,5,2026-04-11T18:43:01.278412
FB-5401,ORD-100874,1018,Kemeja Flannel,Fashion,4,2026-04-11T15:08:01.278412
FB-5402,ORD-100878,1007,Jas Blazer,Fashion,5,2026-04-12T17:08:01.278412
FB-5403,ORD-100880,1006,Celana Jeans,Fashion,4,2026-04-12T21:20:01.278412
FB-5404,ORD-100881,1005,Daster Katun,Fashion,4,2026-04-12T20:26:01.278412
FB-5405,ORD-100884,1020,Daster Kombinasi,Fashion,4,2026-04-12T14:43:01.278412
FB-5406,ORD-100885,1001,Kemeja Pria Premium,Fashion,5,2026-04-12T16:38:01.278412
FB-5407,ORD-100888,1008,Seragam Kerja,Fashion,4,2026-04-13T18:59:01.278412
FB-5408,ORD-100890,1014,Kebaya Brokat,Fashion,5,2026-04-13T18:20:01.278412
FB-5409,ORD-100891,1013,Tunik Batik,Fashion,5,2026-04-13T16:56:01.278412
FB-5410,ORD-100893,1017,Blouse Korea,Fashion,5,2026-04-14T10:48:01.278412
FB-5411,ORD-100896,1015,Celana Kulot,Fashion,5,2026-04-15T18:49:01.278412
FB-5412,ORD-100897,1019,Kemeja Kantor,Fashion,4,2026-04-15T12:28:01.278412
FB-5413,ORD-100898,1001,Kemeja Pria Premium,Fashion,4,2026-04-15T17:29:01.278412
FB-5414,ORD-100903,1005,Daster Katun,Fashion,5,2026-04-15T18:19:01.278412
FB-5415,ORD-100907,1016,Kaos Distro,Fashion,4,2026-04-16T17:56:01.278412
FB-5416,ORD-100908,1018,Kemeja Flannel,Fashion,4,2026-04-16T19:11:01.278412
FB-5417,ORD-100909,1005,Daster Katun,Fashion,5,2026-04-16T13:36:01.278412
FB-5418,ORD-100914,1010,Hoodie Fashion,Fashion,4,2026-04-17T19:26:01.278412
FB-5419,ORD-100915,1017,Blouse Korea,Fashion,5,2026-04-17T11:40:01.278412
FB-5420,ORD-100918,1005,Daster Katun,Fashion,4,2026-04-18T18:51:01.278412
FB-5421,ORD-100919,1006,Celana Jeans,Fashion,5,2026-04-18T14:07:01.278412
FB-5422,ORD-100920,1001,Kemeja Pria Premium,Fashion,5,2026-04-18T18:39:01.278412
FB-5423,ORD-100921,1014,Kebaya Brokat,Fashion,5,2026-04-18T16:00:01.278412
FB-5424,ORD-100923,1011,Gamis Anak,Fashion,5,2026-04-18T15:36:01.278412
FB-5425,ORD-100925,1016,Kaos Distro,Fashion,4,2026-04-18T17:40:01.278412
FB-5426,ORD-100927,1002,Batik Tulis Solo,Fashion,5,2026-04-18T18:34:01.278412
FB-5427,ORD-100931,1010,Hoodie Fashion,Fashion,4,2026-04-19T10:31:01.278412
FB-5428,ORD-100932,1008,Seragam Kerja,Fashion,5,2026-04-19T14:11:01.278412
FB-5429,ORD-100934,1001,Kemeja Pria Premium,Fashion,5,2026-04-19T13:30:01.278412
FB-5430,ORD-100938,1002,Batik Tulis Solo,Fashion,4,2026-04-20T18:48:01.278412
FB-5431,ORD-100939,1010,Hoodie Fashion,Fashion,4,2026-04-20T13:34:01.278412
FB-5432,ORD-100941,1001,Kemeja Pria Premium,Fashion,4,2026-04-20T12:35:01.278412
FB-5433,ORD-100942,1011,Gamis Anak,Fashion,4,2026-04-20T18:10:01.278412
FB-5434,ORD-100945,1006,Celana Jeans,Fashion,5,2026-04-20T17:28:01.278412
FB-5435,ORD-100948,1004,Kebaya Modern,Fashion,5,2026-04-21T17:14:01.278412
FB-5436,ORD-100950,1011,Gamis Anak,Fashion,5,2026-04-21T15:30:01.278412
FB-5437,ORD-100954,1008,Seragam Kerja,Fashion,5,2026-04-21T22:21:01.278412
FB-5438,ORD-100956,1011,Gamis Anak,Fashion,4,2026-04-21T17:59:01.278412
FB-5439,ORD-100957,1019,Kemeja Kantor,Fashion,4,2026-04-21T17:06:01.278412
FB-5440,ORD-100964,1017,Blouse Korea,Fashion,4,2026-04-22T14:35:01.278412
FB-5441,ORD-100967,1013,Tunik Batik,Fashion,5,2026-04-22T17:12:01.278412
FB-5442,ORD-100968,1012,Rok Plisket,Fashion,4,2026-04-23T22:08:01.278412
FB-5443,ORD-100971,1020,Daster Kombinasi,Fashion,4,2026-04-23T15:52:01.278412
FB-5444,ORD-100979,1012,Rok Plisket,Fashion,4,2026-04-24T14:59:01.278412
FB-5445,ORD-100980,1020,Daster Kombinasi,Fashion,4,2026-04-24T16:30:01.278412
FB-5446,ORD-100983,1005,Daster Katun,Fashion,5,2026-04-25T14:38:01.278412
FB-5447,ORD-100988,1006,Celana Jeans,Fashion,5,2026-04-25T15:48:01.278412
FB-5448,ORD-100989,1004,Kebaya Modern,Fashion,4,2026-04-25T16:48:01.278412
FB-5449,ORD-100990,1018,Kemeja Flannel,Fashion,4,2026-04-25T15:33:01.278412
FB-5450,ORD-100994,1015,Celana Kulot,Fashion,4,2026-04-25T18:12:01.278412
FB-5451,ORD-100995,1017,Blouse Korea,Fashion,4,2026-04-25T13:43:01.278412
FB-5452,ORD-100996,1001,Kemeja Pria Premium,Fashion,5,2026-04-25T12:28:01.278412
FB-5453,ORD-100997,1012,Rok Plisket,Fashion,4,2026-04-25T13:05:01.278412
FB-5454,ORD-101000,1019,Kemeja Kantor,Fashion,5,2026-04-26T12:18:01.278412
FB-5455,ORD-101002,1014,Kebaya Brokat,Fashion,5,2026-04-26T18:49:01.278412
FB-5456,ORD-101005,1006,Celana Jeans,Fashion,4,2026-04-26T16:39:01.278412
FB-5457,ORD-101006,1015,Celana Kulot,Fashion,5,2026-04-27T11:16:01.278412
FB-5458,ORD-101008,1013,Tunik Batik,Fashion,4,2026-04-27T20:32:01.278412
FB-5459,ORD-101013,1010,Hoodie Fashion,Fashion,4,2026-04-28T10:12:01.278412
FB-5460,ORD-101015,1015,Celana Kulot,Fashion,4,2026-04-28T13:37:01.278412
FB-5461,ORD-101016,1016,Kaos Distro,Fashion,5,2026-04-29T17:53:01.278412
FB-5462,ORD-101017,1015,Celana Kulot,Fashion,5,2026-04-29T15:46:01.278412
FB-5463,ORD-101018,1002,Batik Tulis Solo,Fashion,5,2026-04-29T17:43:01.278412
FB-5464,ORD-101019,1018,Kemeja Flannel,Fashion,4,2026-04-29T20:09:01.278412
FB-5465,ORD-101020,1016,Kaos Distro,Fashion,4,2026-04-29T20:44:01.278412
FB-5466,ORD-101030,1005,Daster Katun,Fashion,4,2026-04-30T16:11:01.278412
FB-5467,ORD-101031,1020,Daster Kombinasi,Fashion,5,2026-04-30T17:05:01.278412
FB-5468,ORD-101034,1007,Jas Blazer,Fashion,5,2026-05-01T18:58:01.278412
FB-5469,ORD-101035,1016,Kaos Distro,Fashion,4,2026-05-01T20:23:01.278412
FB-5470,ORD-101038,1016,Kaos Distro,Fashion,4,2026-05-01T14:37:01.278412
FB-5471,ORD-101042,1020,Daster Kombinasi,Fashion,4,2026-05-02T12:40:01.278412
FB-5472,ORD-101044,1009,Kemeja Slimfit,Fashion,4,2026-05-02T16:21:01.278412
FB-5473,ORD-101048,1014,Kebaya Brokat,Fashion,4,2026-05-02T14:57:01.278412
FB-5474,ORD-101050,1002,Batik Tulis Solo,Fashion,5,2026-05-02T16:25:01.278412
FB-5475,ORD-101051,1016,Kaos Distro,Fashion,5,2026-05-02T12:05:01.278412
FB-5476,ORD-101055,1006,Celana Jeans,Fashion,4,2026-05-03T16:55:01.278412
FB-5477,ORD-101057,1009,Kemeja Slimfit,Fashion,5,2026-05-03T16:43:01.278412
FB-5478,ORD-101061,1005,Daster Katun,Fashion,4,2026-05-03T12:48:01.278412
FB-5479,ORD-101065,1018,Kemeja Flannel,Fashion,5,2026-05-03T15:44:01.278412
FB-5480,ORD-101066,1003,Gamis Syari,Fashion,5,2026-05-03T12:11:01.278412
FB-5481,ORD-101068,1005,Daster Katun,Fashion,4,2026-05-04T17:43:01.278412
FB-5482,ORD-101074,1002,Batik Tulis Solo,Fashion,5,2026-05-04T21:10:01.278412
FB-5483,ORD-101076,1005,Daster Katun,Fashion,4,2026-05-04T22:28:01.278412
FB-5484,ORD-101077,1009,Kemeja Slimfit,Fashion,5,2026-05-04T17:22:01.278412
FB-5485,ORD-101082,1005,Daster Katun,Fashion,4,2026-05-05T20:07:01.278412
FB-5486,ORD-101084,1008,Seragam Kerja,Fashion,4,2026-05-06T11:37:01.278412
FB-5487,ORD-101085,1017,Blouse Korea,Fashion,4,2026-05-06T14:34:01.278412
FB-5488,ORD-101086,1015,Celana Kulot,Fashion,4,2026-05-06T22:31:01.278412
FB-5489,ORD-101087,1011,Gamis Anak,Fashion,5,2026-05-06T11:25:01.278412
FB-5490,ORD-101088,1005,Daster Katun,Fashion,5,2026-05-06T15:22:01.278412
FB-5491,ORD-101089,1012,Rok Plisket,Fashion,4,2026-05-06T16:56:01.278412
FB-5492,ORD-101091,1014,Kebaya Brokat,Fashion,5,2026-05-06T19:09:01.278412
FB-5493,ORD-101092,1007,Jas Blazer,Fashion,5,2026-05-06T16:59:01.278412
FB-5494,ORD-101094,1019,Kemeja Kantor,Fashion,4,2026-05-07T13:35:01.278412
FB-5495,ORD-101096,1015,Celana Kulot,Fashion,5,2026-05-07T13:40:01.278412
FB-5496,ORD-101099,1012,Rok Plisket,Fashion,5,2026-05-07T19:30:01.278412
FB-5497,ORD-101100,1004,Kebaya Modern,Fashion,4,2026-05-07T09:37:01.278412
FB-5498,ORD-101101,1002,Batik Tulis Solo,Fashion,5,2026-05-07T17:03:01.278412
FB-5499,ORD-101102,1012,Rok Plisket,Fashion,4,2026-05-08T15:33:01.278412
FB-5500,ORD-101104,1006,Celana Jeans,Fashion,4,2026-05-08T19:19:01.278412
FB-5501,ORD-101105,1009,Kemeja Slimfit,Fashion,5,2026-05-08T12:52:01.278412
FB-5502,ORD-101106,1005,Daster Katun,Fashion,5,2026-05-08T15:21:01.278412
FB-5503,ORD-101107,1006,Celana Jeans,Fashion,4,2026-05-08T13:57:01.278412
FB-5504,ORD-101114,1001,Kemeja Pria Premium,Fashion,5,2026-05-09T10:50:01.278412
FB-5505,ORD-101115,1017,Blouse Korea,Fashion,4,2026-05-09T20:19:01.278412
FB-5506,ORD-101116,1001,Kemeja Pria Premium,Fashion,5,2026-05-09T20:57:01.278412
FB-5507,ORD-101118,1012,Rok Plisket,Fashion,4,2026-05-10T18:32:01.278412
FB-5508,ORD-101119,1019,Kemeja Kantor,Fashion,4,2026-05-10T18:45:01.278412
FB-5509,ORD-101121,1004,Kebaya Modern,Fashion,5,2026-05-10T19:44:01.278412
FB-5510,ORD-101125,1002,Batik Tulis Solo,Fashion,5,2026-05-10T15:47:01.278412
FB-5511,ORD-101127,1014,Kebaya Brokat,Fashion,5,2026-05-10T19:43:01.278412
FB-5512,ORD-101128,1012,Rok Plisket,Fashion,4,2026-05-10T16:28:01.278412
FB-5513,ORD-101134,1009,Kemeja Slimfit,Fashion,4,2026-05-10T12:14:01.278412
FB-5514,ORD-101136,1013,Tunik Batik,Fashion,4,2026-05-11T14:48:01.278412
FB-5515,ORD-101137,1003,Gamis Syari,Fashion,5,2026-05-11T16:18:01.278412
FB-5516,ORD-101143,1019,Kemeja Kantor,Fashion,5,2026-05-12T13:16:01.278412
FB-5517,ORD-101145,1011,Gamis Anak,Fashion,5,2026-05-12T12:51:01.278412
FB-5518,ORD-101146,1019,Kemeja Kantor,Fashion,4,2026-05-12T15:22:01.278412
FB-5519,ORD-101147,1012,Rok Plisket,Fashion,5,2026-05-12T14:19:01.278412
FB-5520,ORD-101148,1019,Kemeja Kantor,Fashion,5,2026-05-12T19:10:01.278412
FB-5521,ORD-101149,1001,Kemeja Pria Premium,Fashion,4,2026-05-12T17:32:01.278412
FB-5522,ORD-101152,1011,Gamis Anak,Fashion,5,2026-05-13T17:19:01.278412
FB-5523,ORD-101155,1008,Seragam Kerja,Fashion,4,2026-05-13T17:37:01.278412
FB-5524,ORD-101156,1011,Gamis Anak,Fashion,5,2026-05-13T16:22:01.278412
FB-5525,ORD-101157,1003,Gamis Syari,Fashion,5,2026-05-13T18:34:01.278412
FB-5526,ORD-101158,1011,Gamis Anak,Fashion,4,2026-05-13T17:48:01.278412
FB-5527,ORD-101159,1001,Kemeja Pria Premium,Fashion,4,2026-05-14T13:42:01.278412
FB-5528,ORD-101165,1001,Kemeja Pria Premium,Fashion,5,2026-05-15T16:27:01.278412
FB-5529,ORD-101166,1014,Kebaya Brokat,Fashion,5,2026-05-15T13:16:01.278412
FB-5530,ORD-101169,1014,Kebaya Brokat,Fashion,4,2026-05-15T20:53:01.278412
FB-5531,ORD-101170,1005,Daster Katun,Fashion,4,2026-05-15T16:42:01.278412
FB-5532,ORD-101172,1011,Gamis Anak,Fashion,4,2026-05-16T15:15:01.278412
FB-5533,ORD-101173,1014,Kebaya Brokat,Fashion,5,2026-05-16T13:26:01.278412
FB-5534,ORD-101176,1005,Daster Katun,Fashion,4,2026-05-16T19:57:01.278412
FB-5535,ORD-101177,1020,Daster Kombinasi,Fashion,4,2026-05-16T18:58:01.278412
FB-5536,ORD-101178,1008,Seragam Kerja,Fashion,4,2026-05-16T17:57:01.278412
FB-5537,ORD-101185,1018,Kemeja Flannel,Fashion,4,2026-05-16T09:41:01.278412
FB-5538,ORD-101186,1006,Celana Jeans,Fashion,4,2026-05-16T12:40:01.278412
FB-5539,ORD-101187,1010,Hoodie Fashion,Fashion,5,2026-05-16T13:49:01.278412
FB-5540,ORD-101191,1019,Kemeja Kantor,Fashion,4,2026-05-17T20:40:01.278412
FB-5541,ORD-101192,1008,Seragam Kerja,Fashion,5,2026-05-17T13:10:01.278412
FB-5542,ORD-101193,1002,Batik Tulis Solo,Fashion,4,2026-05-17T14:23:01.278412
FB-5543,ORD-101194,1006,Celana Jeans,Fashion,5,2026-05-17T17:58:01.278412
FB-5544,ORD-101195,1015,Celana Kulot,Fashion,5,2026-05-17T14:55:01.278412
FB-5545,ORD-101198,1005,Daster Katun,Fashion,4,2026-05-17T14:15:01.278412
FB-5546,ORD-101199,1012,Rok Plisket,Fashion,4,2026-05-17T12:55:01.278412
FB-5547,ORD-101201,1020,Daster Kombinasi,Fashion,5,2026-05-17T11:15:01.278412
FB-5548,ORD-101204,1012,Rok Plisket,Fashion,4,2026-05-17T10:10:01.278412
FB-5549,ORD-101206,1005,Daster Katun,Fashion,4,2026-05-18T22:53:01.278412
FB-5550,ORD-101208,1009,Kemeja Slimfit,Fashion,4,2026-05-18T13:31:01.278412
FB-5551,ORD-101209,1005,Daster Katun,Fashion,4,2026-05-18T17:12:01.278412
FB-5552,ORD-101211,1014,Kebaya Brokat,Fashion,5,2026-05-18T16:45:01.278412
FB-5553,ORD-101213,1012,Rok Plisket,Fashion,5,2026-05-18T13:32:01.278412
FB-5554,ORD-101215,1014,Kebaya Brokat,Fashion,5,2026-05-19T16:21:01.278412
FB-5555,ORD-101216,1001,Kemeja Pria Premium,Fashion,5,2026-05-19T12:59:01.278412
FB-5556,ORD-101221,1003,Gamis Syari,Fashion,5,2026-05-20T12:15:01.278412
FB-5557,ORD-101226,1012,Rok Plisket,Fashion,4,2026-05-21T15:21:01.278412
FB-5558,ORD-101232,1009,Kemeja Slimfit,Fashion,4,2026-05-21T09:29:01.278412
FB-5559,ORD-101233,1006,Celana Jeans,Fashion,5,2026-05-21T10:45:01.278412
FB-5560,ORD-101237,1004,Kebaya Modern,Fashion,4,2026-05-22T16:42:01.278412
FB-5561,ORD-101239,1013,Tunik Batik,Fashion,5,2026-05-22T12:52:01.278412
FB-5562,ORD-101240,1001,Kemeja Pria Premium,Fashion,5,2026-05-22T09:09:01.278412
FB-5563,ORD-101241,1008,Seragam Kerja,Fashion,5,2026-05-22T18:19:01.278412
FB-5564,ORD-101243,1015,Celana Kulot,Fashion,5,2026-05-23T19:12:01.278412
FB-5565,ORD-101244,1010,Hoodie Fashion,Fashion,5,2026-05-23T11:40:01.278412
FB-5566,ORD-101245,1014,Kebaya Brokat,Fashion,5,2026-05-23T18:35:01.278412
FB-5567,ORD-101246,1010,Hoodie Fashion,Fashion,4,2026-05-23T16:59:01.278412
FB-5568,ORD-101247,1016,Kaos Distro,Fashion,4,2026-05-23T09:35:01.278412
FB-5569,ORD-101248,1003,Gamis Syari,Fashion,4,2026-05-23T20:39:01.278412
FB-5570,ORD-101249,1012,Rok Plisket,Fashion,4,2026-05-23T13:30:01.278412
FB-5571,ORD-101250,1012,Rok Plisket,Fashion,5,2026-05-23T16:58:01.278412
FB-5572,ORD-101252,1013,Tunik Batik,Fashion,5,2026-05-23T17:50:01.278412
FB-5573,ORD-101255,1014,Kebaya Brokat,Fashion,5,2026-05-23T14:01:01.278412
FB-5574,ORD-101260,1004,Kebaya Modern,Fashion,5,2026-05-24T15:53:01.278412
FB-5575,ORD-101263,1012,Rok Plisket,Fashion,5,2026-05-24T15:46:01.278412
FB-5576,ORD-101269,1017,Blouse Korea,Fashion,4,2026-05-24T10:00:01.278412
FB-5577,ORD-101271,1014,Kebaya Brokat,Fashion,5,2026-05-24T17:57:01.278412
FB-5578,ORD-101272,1019,Kemeja Kantor,Fashion,5,2026-05-24T17:33:01.278412
FB-5579,ORD-101274,1011,Gamis Anak,Fashion,4,2026-05-25T14:58:01.278412
FB-5580,ORD-101275,1005,Daster Katun,Fashion,5,2026-05-25T13:50:01.278412
FB-5581,ORD-101277,1007,Jas Blazer,Fashion,5,2026-05-25T16:46:01.278412
FB-5582,ORD-101278,1005,Daster Katun,Fashion,4,2026-05-25T13:19:01.278412
FB-5583,ORD-101280,1008,Seragam Kerja,Fashion,5,2026-05-26T15:46:01.278412
FB-5584,ORD-101281,1002,Batik Tulis Solo,Fashion,5,2026-05-26T16:48:01.278412
FB-5585,ORD-101282,1004,Kebaya Modern,Fashion,5,2026-05-26T08:15:01.278412
FB-5586,ORD-101283,1019,Kemeja Kantor,Fashion,4,2026-05-26T17:38:01.278412
FB-5587,ORD-101286,1007,Jas Blazer,Fashion,5,2026-05-26T12:53:01.278412
FB-5588,ORD-101287,1003,Gamis Syari,Fashion,5,2026-05-27T12:04:01.278412
FB-5589,ORD-101289,1009,Kemeja Slimfit,Fashion,5,2026-05-27T22:31:01.278412
FB-5590,ORD-101290,1014,Kebaya Brokat,Fashion,4,2026-05-27T12:08:01.278412
FB-5591,ORD-101291,1017,Blouse Korea,Fashion,5,2026-05-27T13:47:01.278412
FB-5592,ORD-101292,1006,Celana Jeans,Fashion,4,2026-05-27T21:26:01.278412
FB-5593,ORD-101293,1004,Kebaya Modern,Fashion,5,2026-05-27T10:23:01.278412
FB-5594,ORD-101295,1019,Kemeja Kantor,Fashion,5,2026-05-27T14:11:01.278412
FB-5595,ORD-101296,1001,Kemeja Pria Premium,Fashion,5,2026-05-28T19:36:01.278412
FB-5596,ORD-101302,1010,Hoodie Fashion,Fashion,4,2026-05-28T16:39:01.278412
FB-5597,ORD-101307,1011,Gamis Anak,Fashion,4,2026-05-29T19:16:01.278412
FB-5598,ORD-101309,1003,Gamis Syari,Fashion,5,2026-05-29T17:20:01.278412
FB-5599,ORD-101310,1001,Kemeja Pria Premium,Fashion,5,2026-05-30T12:57:01.278412
FB-5600,ORD-101311,1011,Gamis Anak,Fashion,5,2026-05-30T20:15:01.278412
FB-5601,ORD-101312,1020,Daster Kombinasi,Fashion,5,2026-05-30T18:07:01.278412
FB-5602,ORD-101313,1009,Kemeja Slimfit,Fashion,4,2026-05-30T15:26:01.278412
FB-5603,ORD-101314,1008,Seragam Kerja,Fashion,5,2026-05-30T16:06:01.278412
FB-5604,ORD-101315,1008,Seragam Kerja,Fashion,5,2026-05-30T12:28:01.278412
FB-5605,ORD-101318,1002,Batik Tulis Solo,Fashion,5,2026-05-30T19:10:01.278412
FB-5606,ORD-101319,1001,Kemeja Pria Premium,Fashion,5,2026-05-30T14:43:01.278412
FB-5607,ORD-101320,1012,Rok Plisket,Fashion,4,2026-05-31T19:10:01.278412
FB-5608,ORD-101321,1018,Kemeja Flannel,Fashion,4,2026-05-31T15:08:01.278412
FB-5609,ORD-101324,1015,Celana Kulot,Fashion,4,2026-05-31T14:38:01.278412
FB-5610,ORD-101325,1011,Gamis Anak,Fashion,5,2026-05-31T17:30:01.278412
FB-5611,ORD-101327,1016,Kaos Distro,Fashion,4,2026-05-31T18:04:01.278412
FB-5612,ORD-101328,1018,Kemeja Flannel,Fashion,4,2026-05-31T17:22:01.278412
FB-5613,ORD-101331,1001,Kemeja Pria Premium,Fashion,5,2026-05-31T17:52:01.278412
FB-5614,ORD-101333,1002,Batik Tulis Solo,Fashion,4,2026-05-31T17:12:01.278412
FB-5615,ORD-101334,1004,Kebaya Modern,Fashion,5,2026-06-01T16:42:01.278412
FB-5616,ORD-101335,1019,Kemeja Kantor,Fashion,4,2026-06-01T13:47:01.278412
FB-5617,ORD-101337,1009,Kemeja Slimfit,Fashion,5,2026-06-01T22:34:01.278412
FB-5618,ORD-101339,1002,Batik Tulis Solo,Fashion,5,2026-06-01T19:07:01.278412
FB-5619,ORD-101342,1011,Gamis Anak,Fashion,5,2026-06-01T09:44:01.278412
FB-5620,ORD-101343,1003,Gamis Syari,Fashion,5,2026-06-02T15:40:01.278412
FB-5621,ORD-101346,1002,Batik Tulis Solo,Fashion,5,2026-06-02T14:38:01.278412
FB-5622,ORD-101347,1020,Daster Kombinasi,Fashion,5,2026-06-02T15:03:01.278412
FB-5623,ORD-101349,1015,Celana Kulot,Fashion,5,2026-06-02T15:03:01.278412
FB-5624,ORD-101351,1008,Seragam Kerja,Fashion,5,2026-06-02T17:29:01.278412
FB-5625,ORD-101353,1017,Blouse Korea,Fashion,5,2026-06-03T12:04:01.278412
FB-5626,ORD-101354,1019,Kemeja Kantor,Fashion,4,2026-06-03T16:16:01.278412
FB-5627,ORD-101357,1012,Rok Plisket,Fashion,4,2026-06-03T18:19:01.278412
FB-5628,ORD-101365,1013,Tunik Batik,Fashion,4,2026-06-04T22:04:01.278412
FB-5629,ORD-101366,1012,Rok Plisket,Fashion,5,2026-06-04T14:37:01.278412
FB-5630,ORD-101368,1006,Celana Jeans,Fashion,5,2026-06-05T13:53:01.278412
FB-5631,ORD-101373,1013,Tunik Batik,Fashion,4,2026-06-05T15:58:01.278412
FB-5632,ORD-101374,1002,Batik Tulis Solo,Fashion,5,2026-06-05T19:09:01.278412
FB-5633,ORD-101380,1002,Batik Tulis Solo,Fashion,5,2026-06-06T15:13:01.278412
FB-5634,ORD-101382,1018,Kemeja Flannel,Fashion,4,2026-06-06T14:14:01.278412
FB-5635,ORD-101384,1014,Kebaya Brokat,Fashion,4,2026-06-06T14:28:01.278412
FB-5636,ORD-101386,1017,Blouse Korea,Fashion,4,2026-06-06T14:07:01.278412
FB-5637,ORD-101387,1003,Gamis Syari,Fashion,5,2026-06-06T15:16:01.278412
FB-5638,ORD-101390,1013,Tunik Batik,Fashion,5,2026-06-07T18:41:01.278412
FB-5639,ORD-101391,1017,Blouse Korea,Fashion,4,2026-06-07T19:46:01.278412
FB-5640,ORD-101395,1005,Daster Katun,Fashion,4,2026-06-07T16:22:01.278412
FB-5641,ORD-101402,1016,Kaos Distro,Fashion,4,2026-06-08T20:13:01.278412
FB-5642,ORD-101403,1008,Seragam Kerja,Fashion,5,2026-06-08T16:00:01.278412
FB-5643,ORD-101406,1005,Daster Katun,Fashion,4,2026-06-08T19:10:01.278412
FB-5644,ORD-101407,1020,Daster Kombinasi,Fashion,4,2026-06-08T13:29:01.278412
FB-5645,ORD-101409,1017,Blouse Korea,Fashion,4,2026-06-09T16:02:01.278412
FB-5646,ORD-101415,1014,Kebaya Brokat,Fashion,5,2026-06-10T22:06:01.278412
FB-5647,ORD-101416,1017,Blouse Korea,Fashion,4,2026-06-10T15:32:01.278412
FB-5648,ORD-101417,1002,Batik Tulis Solo,Fashion,5,2026-06-10T17:24:01.278412
FB-5649,ORD-101418,1011,Gamis Anak,Fashion,4,2026-06-10T15:07:01.278412
FB-5650,ORD-101419,1005,Daster Katun,Fashion,5,2026-06-10T16:35:01.278412
FB-5651,ORD-101421,1006,Celana Jeans,Fashion,5,2026-06-10T13:47:01.278412
FB-5652,ORD-101422,1013,Tunik Batik,Fashion,5,2026-06-10T08:28:01.278412
FB-5653,ORD-101425,1013,Tunik Batik,Fashion,4,2026-06-11T17:24:01.278412
FB-5654,ORD-101427,1001,Kemeja Pria Premium,Fashion,4,2026-06-11T13:14:01.278412
FB-5655,ORD-101432,1020,Daster Kombinasi,Fashion,5,2026-06-12T13:38:01.278412
FB-5656,ORD-101433,1004,Kebaya Modern,Fashion,5,2026-06-13T20:16:01.278412
FB-5657,ORD-101434,1004,Kebaya Modern,Fashion,5,2026-06-13T17:49:01.278412
FB-5658,ORD-101436,1016,Kaos Distro,Fashion,4,2026-06-13T20:32:01.278412
FB-5659,ORD-101437,1008,Seragam Kerja,Fashion,4,2026-06-13T08:48:01.278412
FB-5660,ORD-101438,1004,Kebaya Modern,Fashion,5,2026-06-13T18:03:01.278412
FB-5661,ORD-101439,1005,Daster Katun,Fashion,4,2026-06-13T13:02:01.278412
FB-5662,ORD-101442,1010,Hoodie Fashion,Fashion,4,2026-06-13T18:13:01.278412
FB-5663,ORD-101444,1008,Seragam Kerja,Fashion,4,2026-06-13T14:00:01.278412
FB-5664,ORD-101451,1005,Daster Katun,Fashion,4,2026-06-14T09:54:01.278412
FB-5665,ORD-101452,1003,Gamis Syari,Fashion,5,2026-06-14T17:46:01.278412
FB-5666,ORD-101454,1016,Kaos Distro,Fashion,4,2026-06-14T16:12:01.278412
FB-5667,ORD-101455,1001,Kemeja Pria Premium,Fashion,5,2026-06-14T18:59:01.278412
FB-5668,ORD-101457,1019,Kemeja Kantor,Fashion,5,2026-06-14T22:59:01.278412
FB-5669,ORD-101459,1017,Blouse Korea,Fashion,4,2026-06-15T15:24:01.278412
FB-5670,ORD-101461,1001,Kemeja Pria Premium,Fashion,5,2026-06-15T14:43:01.278412
FB-5671,ORD-101463,1004,Kebaya Modern,Fashion,5,2026-06-15T20:37:01.278412
FB-5672,ORD-101467,1005,Daster Katun,Fashion,4,2026-06-16T18:00:01.278412
FB-5673,ORD-101468,1006,Celana Jeans,Fashion,4,2026-06-16T11:33:01.278412
FB-5674,ORD-101469,1014,Kebaya Brokat,Fashion,5,2026-06-16T13:45:01.278412
FB-5675,ORD-101470,1005,Daster Katun,Fashion,4,2026-06-16T21:52:01.278412
FB-5676,ORD-101472,1014,Kebaya Brokat,Fashion,4,2026-06-16T12:05:01.278412
FB-5677,ORD-101473,1010,Hoodie Fashion,Fashion,4,2026-06-16T11:15:01.278412
FB-5678,ORD-101474,1016,Kaos Distro,Fashion,5,2026-06-16T08:00:01.278412
FB-5679,ORD-101475,1004,Kebaya Modern,Fashion,5,2026-06-17T15:48:01.278412
FB-5680,ORD-101476,1009,Kemeja Slimfit,Fashion,5,2026-06-17T15:23:01.278412
FB-5681,ORD-101477,1011,Gamis Anak,Fashion,5,2026-06-17T21:24:01.278412
FB-5682,ORD-101480,1008,Seragam Kerja,Fashion,4,2026-06-18T17:26:01.278412
FB-5683,ORD-101481,1001,Kemeja Pria Premium,Fashion,5,2026-06-19T19:23:01.278412
FB-5684,ORD-101482,1002,Batik Tulis Solo,Fashion,5,2026-06-19T17:31:01.278412
FB-5685,ORD-101484,1016,Kaos Distro,Fashion,4,2026-06-19T20:18:01.278412
FB-5686,ORD-101485,1020,Daster Kombinasi,Fashion,5,2026-06-19T16:54:01.278412
FB-5687,ORD-101487,1006,Celana Jeans,Fashion,4,2026-06-20T16:15:01.278412
FB-5688,ORD-101488,1007,Jas Blazer,Fashion,5,2026-06-20T17:45:01.278412
FB-5689,ORD-101490,1009,Kemeja Slimfit,Fashion,5,2026-06-20T17:59:01.278412
FB-5690,ORD-101491,1018,Kemeja Flannel,Fashion,4,2026-06-20T18:14:01.278412
FB-5691,ORD-101492,1019,Kemeja Kantor,Fashion,4,2026-06-20T17:45:01.278412
FB-5692,ORD-101493,1013,Tunik Batik,Fashion,5,2026-06-20T21:14:01.278412
FB-5693,ORD-101494,1008,Seragam Kerja,Fashion,4,2026-06-20T12:37:01.278412
FB-5694,ORD-101499,1005,Daster Katun,Fashion,4,2026-06-20T13:09:01.278412
FB-5695,ORD-101501,1020,Daster Kombinasi,Fashion,5,2026-06-20T17:54:01.278412
FB-5696,ORD-101504,1002,Batik Tulis Solo,Fashion,5,2026-06-21T19:19:01.278412
FB-5697,ORD-101505,1006,Celana Jeans,Fashion,4,2026-06-21T15:22:01.278412
FB-5698,ORD-101507,1018,Kemeja Flannel,Fashion,4,2026-06-21T18:51:01.278412
FB-5699,ORD-101508,1002,Batik Tulis Solo,Fashion,5,2026-06-21T16:08:01.278412
FB-5700,ORD-101509,1015,Celana Kulot,Fashion,5,2026-06-21T13:47:01.278412
FB-5701,ORD-101510,1007,Jas Blazer,Fashion,5,2026-06-21T18:43:01.278412
FB-5702,ORD-101511,1005,Daster Katun,Fashion,5,2026-06-21T17:03:01.278412
FB-5703,ORD-101512,1004,Kebaya Modern,Fashion,4,2026-06-21T21:32:01.278412
FB-5704,ORD-101515,1013,Tunik Batik,Fashion,4,2026-06-21T17:29:01.278412
FB-5705,ORD-101516,1013,Tunik Batik,Fashion,4,2026-06-21T15:05:01.278412
FB-5706,ORD-101517,1004,Kebaya Modern,Fashion,5,2026-06-21T16:36:01.278412
FB-5707,ORD-101518,1019,Kemeja Kantor,Fashion,4,2026-06-21T12:24:01.278412
FB-5708,ORD-101521,1017,Blouse Korea,Fashion,5,2026-06-22T16:50:01.278412
FB-5709,ORD-101522,1004,Kebaya Modern,Fashion,4,2026-06-22T17:55:01.278412
FB-5710,ORD-101523,1020,Daster Kombinasi,Fashion,5,2026-06-22T15:02:01.278412
FB-5711,ORD-101527,1010,Hoodie Fashion,Fashion,4,2026-06-22T16:33:01.278412
FB-5712,ORD-101528,1012,Rok Plisket,Fashion,4,2026-06-22T17:02:01.278412
FB-5713,ORD-101530,1018,Kemeja Flannel,Fashion,4,2026-06-23T12:04:01.278412
FB-5714,ORD-101533,1009,Kemeja Slimfit,Fashion,5,2026-06-23T13:42:01.278412
FB-5715,ORD-101535,1001,Kemeja Pria Premium,Fashion,5,2026-06-24T14:43:01.278412
FB-5716,ORD-101537,1009,Kemeja Slimfit,Fashion,5,2026-06-24T14:14:01.278412
FB-5717,ORD-101544,1012,Rok Plisket,Fashion,5,2026-06-25T17:11:01.278412
FB-5718,ORD-101546,1017,Blouse Korea,Fashion,5,2026-06-25T19:54:01.278412
FB-5719,ORD-101547,1010,Hoodie Fashion,Fashion,4,2026-06-26T12:46:01.278412
FB-5720,ORD-101548,1008,Seragam Kerja,Fashion,4,2026-06-26T11:35:01.278412
